State,City,Year,Population,Violent Crime,Murder,Rape,Robbery,Property Crime,Motor Vehicle Theft
ALABAMA,HUNTSVILLE4,2018,196620,,,,,,
ALABAMA,HUNTSVILLE4,2019,196620,872,12,79,159,3854,496
ALABAMA,TUSCALOOSA,2018,101764,253,3,20,71,2092,109
ALABAMA,TUSCALOOSA,2019,101764,311,4,18,92,2166,147
ARIZONA,CHANDLER,2018,255986,287,1,74,62,2771,161
ARIZONA,CHANDLER,2019,255986,295,2,63,55,2511,154
ARIZONA,GILBERT,2018,247463,132,1,49,15,1705,82
ARIZONA,GILBERT,2019,247463,116,0,27,21,1416,64
ARIZONA,GLENDALE,2018,249799,594,7,69,171,4830,493
ARIZONA,GLENDALE,2019,249799,384,8,29,122,4067,376
ARIZONA,MESA,2018,504873,967,10,143,192,5113,461
ARIZONA,MESA,2019,504873,969,4,133,177,4813,399
ARIZONA,PEORIA,2018,170177,201,2,33,29,1596,91
ARIZONA,PEORIA,2019,170177,219,1,49,52,1696,116
ARIZONA,PHOENIX,2018,1653080,6118,67,566,1438,28854,3928
ARIZONA,PHOENIX,2019,1653080,5659,70,550,1564,28196,3418
ARIZONA,SCOTTSDALE,2018,254961,211,7,53,52,2853,141
ARIZONA,SCOTTSDALE,2019,254961,200,3,59,52,2797,131
ARIZONA,SURPRISE,2018,136611,67,3,10,20,1088,90
ARIZONA,SURPRISE,2019,136611,83,2,15,32,1052,72
ARIZONA,TEMPE,2018,188543,448,3,75,97,3567,270
ARIZONA,TEMPE,2019,188543,430,3,66,103,3690,296
ARIZONA,TUCSON,2018,537392,2027,26,255,670,13925,1276
ARIZONA,TUCSON,2019,537392,1936,27,264,560,9809,1105
ARKANSAS,LITTLE ROCK,2018,199288,1336,19,121,150,6236,525
ARKANSAS,LITTLE ROCK,2019,199288,1464,20,105,170,5494,497
CALIFORNIA,ANAHEIM,2018,354743,578,2,70,195,4399,697
CALIFORNIA,ANAHEIM,2019,354743,497,6,49,174,4164,617
CALIFORNIA,ANTIOCH,2018,112956,283,1,24,102,1479,291
CALIFORNIA,ANTIOCH,2019,112956,290,5,28,108,1634,336
CALIFORNIA,BAKERSFIELD,2018,385609,911,18,60,402,8330,1458
CALIFORNIA,BAKERSFIELD,2019,385609,862,18,57,367,7575,1277
CALIFORNIA,BERKELEY,2018,123735,270,1,31,167,2581,263
CALIFORNIA,BERKELEY,2019,123735,283,0,25,174,2776,226
CALIFORNIA,BURBANK,2018,105041,129,0,7,48,1362,106
CALIFORNIA,BURBANK,2019,105041,87,1,7,34,1324,113
CALIFORNIA,CARLSBAD,2018,116739,115,1,19,23,1081,82
CALIFORNIA,CARLSBAD,2019,116739,129,2,28,17,1068,85
CALIFORNIA,CHULA VISTA,2018,274370,406,4,43,114,1905,354
CALIFORNIA,CHULA VISTA,2019,274370,396,2,21,122,1847,393
CALIFORNIA,CLOVIS,2018,111759,106,1,23,15,1271,87
CALIFORNIA,CLOVIS,2019,111759,125,0,25,16,1120,80
CALIFORNIA,CONCORD,2018,130855,246,1,27,103,2151,279
CALIFORNIA,CONCORD,2019,130855,237,1,34,102,2255,300
CALIFORNIA,CORONA,2018,170041,127,4,27,49,1535,262
CALIFORNIA,CORONA,2019,170041,125,3,31,45,1796,276
CALIFORNIA,COSTA MESA,2018,114358,170,3,35,59,1911,160
CALIFORNIA,COSTA MESA,2019,114358,134,0,16,51,1903,184
CALIFORNIA,DALY CITY,2018,107928,113,2,18,45,719,83
CALIFORNIA,DALY CITY,2019,107928,122,0,26,47,897,95
CALIFORNIA,DOWNEY,2018,113277,174,3,7,83,1353,325
CALIFORNIA,DOWNEY,2019,113277,177,3,15,77,1344,290
CALIFORNIA,EL CAJON,2018,104497,246,2,20,86,1164,171
CALIFORNIA,EL CAJON,2019,104497,273,2,18,94,1120,164
CALIFORNIA,EL MONTE,2018,116464,181,2,12,78,1216,282
CALIFORNIA,EL MONTE,2019,116464,138,1,15,63,910,230
CALIFORNIA,ELK GROVE,2018,174651,198,0,16,40,1128,89
CALIFORNIA,ELK GROVE,2019,174651,172,0,18,62,1221,88
CALIFORNIA,ESCONDIDO,2018,153073,237,1,28,71,1370,250
CALIFORNIA,ESCONDIDO,2019,153073,260,3,22,70,1201,211
CALIFORNIA,FAIRFIELD,2018,117883,335,2,53,89,1639,307
CALIFORNIA,FAIRFIELD,2019,117883,222,2,27,72,1821,272
CALIFORNIA,FONTANA,2018,213964,331,5,27,94,1683,466
CALIFORNIA,FONTANA,2019,213964,337,4,38,90,1559,383
CALIFORNIA,FREMONT,2018,238024,274,1,32,115,2387,363
CALIFORNIA,FREMONT,2019,238024,198,1,13,82,2310,301
CALIFORNIA,FRESNO,2018,531818,1489,18,93,473,8628,1091
CALIFORNIA,FRESNO,2019,531818,1394,23,74,378,8898,1186
CALIFORNIA,FULLERTON,2018,141132,174,0,27,66,1878,242
CALIFORNIA,FULLERTON,2019,141132,150,1,38,44,1607,186
CALIFORNIA,GARDEN GROVE,2018,174661,266,2,28,90,2096,329
CALIFORNIA,GARDEN GROVE,2019,174661,241,1,24,86,1918,234
CALIFORNIA,GLENDALE,2018,204724,83,0,16,24,1491,147
CALIFORNIA,GLENDALE,2019,204724,111,4,9,44,1682,136
CALIFORNIA,HAYWARD,2018,162881,330,0,55,170,2434,704
CALIFORNIA,HAYWARD,2019,162881,265,2,28,128,2385,620
CALIFORNIA,HUNTINGTON BEACH,2018,203428,218,0,41,59,1871,159
CALIFORNIA,HUNTINGTON BEACH,2019,203428,169,0,29,44,2025,158
CALIFORNIA,INGLEWOOD,2018,110726,349,7,27,156,1382,339
CALIFORNIA,INGLEWOOD,2019,110726,352,1,30,189,1143,316
CALIFORNIA,IRVINE,2018,288052,82,0,22,22,1670,87
CALIFORNIA,IRVINE,2019,288052,87,0,25,32,1905,77
CALIFORNIA,JURUPA VALLEY,2018,107605,134,5,8,45,1389,397
CALIFORNIA,JURUPA VALLEY,2019,107605,152,4,3,43,1238,370
CALIFORNIA,LANCASTER,2018,160818,586,4,49,142,1855,362
CALIFORNIA,LANCASTER,2019,160818,703,6,43,192,1607,297
CALIFORNIA,LONG BEACH,2018,470445,1702,11,107,527,5936,1171
CALIFORNIA,LONG BEACH,2019,470445,1164,13,122,455,5628,1077
CALIFORNIA,LOS ANGELES,2018,4029741,14709,132,1324,5139,50093,8860
CALIFORNIA,LOS ANGELES,2019,4029741,14236,127,1097,4779,48049,7746
CALIFORNIA,MODESTO,2018,215822,963,8,47,204,3965,582
CALIFORNIA,MODESTO,2019,215822,890,8,40,216,3752,605
CALIFORNIA,MORENO VALLEY,2018,209145,396,7,17,141,2933,514
CALIFORNIA,MORENO VALLEY,2019,209145,390,4,10,137,2728,540
CALIFORNIA,MURRIETA,2018,114706,49,2,5,18,661,98
CALIFORNIA,MURRIETA,2019,114706,34,0,9,10,748,117
CALIFORNIA,NORWALK,2018,106158,219,5,4,61,1057,231
CALIFORNIA,NORWALK,2019,106158,212,2,13,63,809,176
CALIFORNIA,OAKLAND,2018,430230,2675,32,214,1220,10677,2496
CALIFORNIA,OAKLAND,2019,430230,2700,40,192,1337,12053,2512
CALIFORNIA,OCEANSIDE,2018,177464,309,3,33,72,1845,241
CALIFORNIA,OCEANSIDE,2019,177464,319,2,43,78,1810,214
CALIFORNIA,ONTARIO,2018,177542,314,5,57,109,2344,511
CALIFORNIA,ONTARIO,2019,177542,329,4,54,109,2070,468
CALIFORNIA,ORANGE,2018,141108,91,2,1,44,1232,141
CALIFORNIA,ORANGE,2019,141108,87,1,6,39,1039,113
CALIFORNIA,OXNARD,2018,211737,427,8,32,195,2591,409
CALIFORNIA,OXNARD,2019,211737,368,7,29,144,2294,339
CALIFORNIA,PALMDALE,2018,158177,325,3,22,84,1203,224
CALIFORNIA,PALMDALE,2019,158177,331,5,27,105,1094,201
CALIFORNIA,PASADENA,2018,143448,236,2,21,75,1447,164
CALIFORNIA,PASADENA,2019,143448,329,1,21,78,1358,119
CALIFORNIA,POMONA,2018,153496,442,8,44,180,2370,528
CALIFORNIA,POMONA,2019,153496,450,8,48,154,2107,454
CALIFORNIA,RIALTO,2018,104173,243,2,26,87,1408,310
CALIFORNIA,RIALTO,2019,104173,253,4,28,78,1618,300
CALIFORNIA,RICHMOND,2018,110982,509,7,13,191,2086,864
CALIFORNIA,RICHMOND,2019,110982,533,7,21,149,2039,615
CALIFORNIA,RIVERSIDE,2018,331022,801,9,73,271,5199,893
CALIFORNIA,RIVERSIDE,2019,331022,861,5,50,231,4511,709
CALIFORNIA,ROSEVILLE,2018,137706,125,2,15,60,1744,150
CALIFORNIA,ROSEVILLE,2019,137706,100,2,14,38,1471,109
CALIFORNIA,SACRAMENTO,2018,507037,1606,17,54,491,7649,1414
CALIFORNIA,SACRAMENTO,2019,507037,1561,18,54,515,8002,1407
CALIFORNIA,SALINAS,2018,158590,484,9,54,156,2145,581
CALIFORNIA,SALINAS,2019,158590,426,1,37,147,2032,575
CALIFORNIA,SAN BERNARDINO,2018,217986,1422,21,87,462,4446,1016
CALIFORNIA,SAN BERNARDINO,2019,217986,1373,20,81,452,4373,1052
CALIFORNIA,SAN DIEGO,2018,1436495,2630,18,310,653,12983,2487
CALIFORNIA,SAN DIEGO,2019,1436495,2558,19,263,672,13543,2529
CALIFORNIA,SAN FRANCISCO,2018,889282,3060,21,185,1521,23559,1978
CALIFORNIA,SAN FRANCISCO,2019,889282,2711,20,167,1356,22053,2016
CALIFORNIA,SAN JOSE,2018,1047305,2077,15,257,788,13018,4297
CALIFORNIA,SAN JOSE,2019,1047305,2237,17,311,665,12485,3161
CALIFORNIA,SAN MATEO,2018,105839,136,0,6,40,1076,112
CALIFORNIA,SAN MATEO,2019,105839,141,2,26,35,1071,92
CALIFORNIA,SANTA CLARA,2018,128682,103,0,26,36,1620,217
CALIFORNIA,SANTA CLARA,2019,128682,115,0,23,36,2447,204
CALIFORNIA,SANTA CLARITA,2018,216589,169,3,23,54,1295,153
CALIFORNIA,SANTA CLARITA,2019,216589,114,0,22,42,1001,106
CALIFORNIA,SANTA ROSA,2018,176325,389,3,81,64,1556,204
CALIFORNIA,SANTA ROSA,2019,176325,418,2,73,61,1402,151
CALIFORNIA,SIMI VALLEY,2018,127222,110,0,25,31,802,72
CALIFORNIA,SIMI VALLEY,2019,127222,72,0,7,20,586,32
CALIFORNIA,STOCKTON,2018,313158,2045,15,93,559,5624,1031
CALIFORNIA,STOCKTON,2019,313158,2244,23,104,531,6278,898
CALIFORNIA,SUNNYVALE,2018,155637,116,0,23,37,1265,202
CALIFORNIA,SUNNYVALE,2019,155637,127,0,18,40,1646,187
CALIFORNIA,TEMECULA,2018,116411,65,0,0,29,1334,148
CALIFORNIA,TEMECULA,2019,116411,87,0,2,44,1376,161
CALIFORNIA,THOUSAND OAKS,2018,129319,51,2,13,13,707,58
CALIFORNIA,THOUSAND OAKS,2019,129319,41,0,13,11,747,40
CALIFORNIA,TORRANCE,2018,146968,124,1,11,55,1362,140
CALIFORNIA,TORRANCE,2019,146968,151,3,16,67,1411,125
CALIFORNIA,VACAVILLE,2018,101146,131,0,10,38,1093,93
CALIFORNIA,VACAVILLE,2019,101146,157,2,20,40,1162,85
CALIFORNIA,VALLEJO,2018,122974,474,4,42,170,2024,465
CALIFORNIA,VALLEJO,2019,122974,483,5,50,171,2182,373
CALIFORNIA,VENTURA,2018,111272,223,1,31,48,1728,152
CALIFORNIA,VENTURA,2019,111272,243,1,38,57,1538,139
CALIFORNIA,VISALIA,2018,134224,226,1,55,67,2067,259
CALIFORNIA,VISALIA,2019,134224,259,1,53,83,1834,266
CALIFORNIA,VISTA,2018,102742,155,1,21,41,735,152
CALIFORNIA,VISTA,2019,102742,191,1,21,48,672,102
CALIFORNIA,WEST COVINA,2018,107806,128,0,7,72,1262,179
CALIFORNIA,WEST COVINA,2019,107806,139,2,12,66,1203,193
COLORADO,ARVADA,2018,120631,127,0,30,16,1667,244
COLORADO,ARVADA,2019,120631,134,1,21,25,1870,196
COLORADO,AURORA,2018,372824,1295,10,200,294,5547,1107
COLORADO,AURORA,2019,372824,1290,12,216,290,5178,1128
COLORADO,BOULDER,2018,108380,127,0,19,12,1595,118
COLORADO,BOULDER,2019,108380,127,0,14,23,1497,121
COLORADO,CENTENNIAL,2018,111646,97,1,21,8,962,89
COLORADO,CENTENNIAL,2019,111646,66,0,6,6,661,61
COLORADO,COLORADO SPRINGS,2018,471124,1334,12,245,278,7661,1137
COLORADO,COLORADO SPRINGS,2019,471124,1249,10,192,193,8270,1393
COLORADO,DENVER,2018,720745,2537,34,374,575,13024,2607
COLORADO,DENVER,2019,720745,2452,28,333,554,12732,2579
COLORADO,FORT COLLINS,2018,168163,187,1,17,17,1868,80
COLORADO,FORT COLLINS,2019,168163,160,1,17,17,1693,96
COLORADO,GREELEY,2018,107325,210,1,44,30,1312,140
COLORADO,GREELEY,2019,107325,190,1,34,36,1218,129
COLORADO,THORNTON,2018,139697,192,1,64,45,2279,385
COLORADO,THORNTON,2019,139697,172,0,49,30,2253,531
COLORADO,WESTMINSTER,2018,113751,174,7,30,41,1760,315
COLORADO,WESTMINSTER,2019,113751,134,1,24,36,1683,288
CONNECTICUT,BRIDGEPORT,2018,146819,474,5,34,146,1495,309
CONNECTICUT,BRIDGEPORT,2019,146819,400,9,40,155,1129,250
CONNECTICUT,HARTFORD,2018,123117,681,13,24,179,2311,407
CONNECTICUT,HARTFORD,2019,123117,505,11,12,105,1644,225
CONNECTICUT,STAMFORD,2018,132007,107,2,13,26,1097,129
CONNECTICUT,STAMFORD,2019,132007,107,2,11,38,850,68
CONNECTICUT,WATERBURY,2018,108378,241,3,32,97,2077,403
CONNECTICUT,WATERBURY,2019,108378,143,1,20,56,1640,334
FLORIDA,BOCA RATON,2018,100162,96,0,17,30,1178,93
FLORIDA,BOCA RATON,2019,100162,92,0,20,34,1038,77
FLORIDA,CAPE CORAL,2018,187869,123,0,6,28,1369,83
FLORIDA,CAPE CORAL,2019,187869,105,1,2,16,1103,91
FLORIDA,CLEARWATER,2018,116504,267,2,53,59,1680,101
FLORIDA,CLEARWATER,2019,116504,219,0,25,48,1383,83
FLORIDA,CORAL SPRINGS,2018,134640,82,0,14,29,1035,76
FLORIDA,CORAL SPRINGS,2019,134640,94,0,24,29,1083,82
FLORIDA,DAVIE,2018,107120,137,0,16,35,1374,133
FLORIDA,DAVIE,2019,107120,126,1,9,29,1389,144
FLORIDA,FORT LAUDERDALE,2018,182150,505,11,33,162,4428,435
FLORIDA,FORT LAUDERDALE,2019,182150,591,9,49,225,4421,426
FLORIDA,GAINESVILLE,2018,133400,501,4,74,113,2532,173
FLORIDA,GAINESVILLE,2019,133400,445,1,80,81,2272,195
FLORIDA,HIALEAH,2018,241778,281,1,18,84,2686,379
FLORIDA,HIALEAH,2019,241778,262,1,12,78,2472,259
FLORIDA,HOLLYWOOD,2018,155503,189,4,12,56,2101,276
FLORIDA,HOLLYWOOD,2019,155503,205,5,22,69,2064,202
FLORIDA,JACKSONVILLE,2018,903213,2766,55,289,674,15404,1481
FLORIDA,JACKSONVILLE,2019,903213,3070,62,250,605,14132,1240
FLORIDA,LAKELAND,2018,109616,159,3,45,32,1834,91
FLORIDA,LAKELAND,2019,109616,186,3,32,51,1484,106
FLORIDA,MIAMI,2018,473047,1419,27,56,396,8439,831
FLORIDA,MIAMI,2019,473047,1443,27,67,400,8772,815
FLORIDA,MIAMI GARDENS,2018,114670,437,12,8,116,2149,204
FLORIDA,MIAMI GARDENS,2019,114670,403,17,9,114,2283,231
FLORIDA,MIRAMAR,2018,143103,163,3,15,47,1043,145
FLORIDA,MIRAMAR,2019,143103,147,2,17,35,1020,128
FLORIDA,ORLANDO,2018,286679,1059,22,83,313,6688,561
FLORIDA,ORLANDO,2019,286679,1016,10,109,236,6381,602
FLORIDA,PALM BAY,2018,112902,216,2,35,19,1129,68
FLORIDA,PALM BAY,2019,112902,195,1,37,27,1043,77
FLORIDA,PEMBROKE PINES,2018,173053,157,1,14,31,1616,121
FLORIDA,PEMBROKE PINES,2019,173053,179,5,20,31,1635,134
FLORIDA,POMPANO BEACH,2018,112045,430,1,47,139,2187,296
FLORIDA,POMPANO BEACH,2019,112045,428,5,40,155,2024,266
FLORIDA,PORT ST. LUCIE,2018,193137,100,2,16,16,900,37
FLORIDA,PORT ST. LUCIE,2019,193137,144,2,24,20,846,45
FLORIDA,ST. PETERSBURG,2018,265942,760,12,65,187,4332,383
FLORIDA,ST. PETERSBURG,2019,265942,734,7,69,160,4233,377
FLORIDA,TALLAHASSEE,2018,192443,674,5,112,133,4285,362
FLORIDA,TALLAHASSEE,2019,192443,613,10,89,105,3819,336
FLORIDA,TAMPA,2018,392945,786,10,39,153,3135,229
FLORIDA,TAMPA,2019,392945,799,14,57,132,3287,273
FLORIDA,WEST PALM BEACH,2018,111659,538,16,46,183,2146,199
FLORIDA,WEST PALM BEACH,2019,111659,430,10,34,172,2070,230
GEORGIA,ATLANTA,2018,496106,1947,42,128,557,10892,1580
GEORGIA,ATLANTA,2019,496106,2004,47,116,520,10340,1527
GEORGIA,SANDY SPRINGS,2018,108654,61,2,6,23,997,79
GEORGIA,SANDY SPRINGS,2019,108654,72,0,5,17,925,67
GEORGIA,SAVANNAH-CHATHAM METROPOLITAN,2018,242265,459,12,55,122,2872,347
GEORGIA,SAVANNAH-CHATHAM METROPOLITAN,2019,242265,576,13,48,121,2741,258
HAWAII,HONOLULU,2018,982019,1253,10,201,414,14522,2330
HAWAII,HONOLULU,2019,982019,1298,11,182,462,14239,1779
IDAHO,BOISE,2018,229265,315,1,97,19,2256,124
IDAHO,BOISE,2019,229265,293,1,72,15,1324,97
IDAHO,MERIDIAN,2018,103774,90,0,25,9,571,21
IDAHO,MERIDIAN,2019,103774,73,4,16,4,558,23
ILLINOIS,AURORA,2018,201364,267,2,33,47,1102,66
ILLINOIS,AURORA,2019,201364,219,9,24,42,882,63
ILLINOIS,CHICAGO,2018,2719151,13044,257,886,4626,40360,4821
ILLINOIS,CHICAGO,2019,2719151,12136,239,866,3657,37550,4415
ILLINOIS,ELGIN,2018,113060,118,2,21,28,708,39
ILLINOIS,ELGIN,2019,113060,84,0,14,33,606,36
ILLINOIS,JOLIET,2018,148553,233,3,20,64,1036,59
ILLINOIS,JOLIET,2019,148553,353,11,25,43,1028,72
ILLINOIS,NAPERVILLE5,2018,148457,71,1,13,11,,28
ILLINOIS,NAPERVILLE5,2019,148457,67,1,9,7,,21
ILLINOIS,PEORIA,2018,112595,418,10,33,79,2187,210
ILLINOIS,PEORIA,2019,112595,496,12,36,106,1770,159
ILLINOIS,ROCKFORD,2018,146198,983,11,66,151,2611,213
ILLINOIS,ROCKFORD,2019,146198,803,9,55,115,2247,170
ILLINOIS,SPRINGFIELD,2018,114623,451,8,35,86,2556,89
ILLINOIS,SPRINGFIELD,2019,114623,420,7,58,90,2401,157
INDIANA,EVANSVILLE,2018,118765,324,7,41,78,2591,245
INDIANA,EVANSVILLE,2019,118765,351,7,45,74,2273,186
INDIANA,FORT WAYNE,2018,267634,509,23,71,149,3342,269
INDIANA,FORT WAYNE,2019,267634,506,12,79,178,3404,258
INDIANA,SOUTH BEND,2018,102397,465,5,34,139,1844,157
INDIANA,SOUTH BEND,2019,102397,598,8,26,127,1983,261
KANSAS,WICHITA,2018,391726,2361,24,201,274,10710,1388
KANSAS,WICHITA,2019,391726,2035,13,177,203,9502,1092
KENTUCKY,LEXINGTON,2018,325579,504,17,118,229,5199,525
KENTUCKY,LEXINGTON,2019,325579,395,10,79,156,4547,440
LOUISIANA,BATON ROUGE,2018,224790,1025,44,46,335,5982,513
LOUISIANA,BATON ROUGE,2019,224790,1094,28,24,316,5420,355
LOUISIANA,LAFAYETTE,2018,127592,359,3,14,87,2941,178
LOUISIANA,LAFAYETTE,2019,127592,330,9,7,63,2769,165
LOUISIANA,NEW ORLEANS5,2018,396374,2244,90,338,612,8287,1403
LOUISIANA,NEW ORLEANS5,2019,396374,2325,58,359,502,10548,1476
LOUISIANA,SHREVEPORT,2018,190808,805,17,68,168,4909,429
LOUISIANA,SHREVEPORT,2019,190808,728,15,70,142,4282,287
MARYLAND,BALTIMORE5,2018,605436,5143,133,188,2318,12341,2019
MARYLAND,BALTIMORE5,2019,605436,5252,158,175,2217,12402,1923
MASSACHUSETTS,BOSTON,2018,694673,2129,26,133,601,6504,531
MASSACHUSETTS,BOSTON,2019,694673,1937,22,113,440,6103,497
MASSACHUSETTS,CAMBRIDGE,2018,114881,151,0,11,44,907,34
MASSACHUSETTS,CAMBRIDGE,2019,114881,157,1,7,21,943,51
MASSACHUSETTS,LOWELL,2018,111989,157,3,8,48,812,85
MASSACHUSETTS,LOWELL,2019,111989,204,2,10,40,747,94
MASSACHUSETTS,SPRINGFIELD,2018,155179,762,10,54,237,1890,213
MASSACHUSETTS,SPRINGFIELD,2019,155179,628,7,35,158,1817,203
MASSACHUSETTS,WORCESTER,2018,186188,645,1,31,151,1964,157
MASSACHUSETTS,WORCESTER,2019,186188,544,3,19,104,1800,149
MICHIGAN,ANN ARBOR,2018,122571,132,2,32,17,858,25
MICHIGAN,ANN ARBOR,2019,122571,153,2,41,23,1008,42
MICHIGAN,CLINTON TOWNSHIP,2018,101279,157,1,32,8,685,87
MICHIGAN,CLINTON TOWNSHIP,2019,101279,123,0,17,11,596,64
MICHIGAN,DETROIT,2018,671275,6290,127,494,1116,13786,3172
MICHIGAN,DETROIT,2019,671275,5956,116,449,990,12786,2970
MICHIGAN,LANSING,2018,117380,658,2,73,86,1613,169
MICHIGAN,LANSING,2019,117380,642,3,63,75,1482,166
MICHIGAN,STERLING HEIGHTS,2018,133055,127,1,21,8,668,53
MICHIGAN,STERLING HEIGHTS,2019,133055,68,0,13,7,599,58
MICHIGAN,WARREN,2018,135160,336,0,66,58,1377,294
MICHIGAN,WARREN,2019,135160,340,1,39,42,1147,185
MINNESOTA,MINNEAPOLIS6,2018,428261,1733,14,237,575,7684,1055
MINNESOTA,MINNEAPOLIS6,2019,428261,1697,14,224,512,8557,1296
MINNESOTA,ROCHESTER6,2018,117037,125,4,39,19,1048,52
MINNESOTA,ROCHESTER6,2019,117037,100,0,26,17,1033,58
MINNESOTA,ST. PAUL,2018,309756,907,4,139,258,4685,1252
MINNESOTA,ST. PAUL,2019,309756,783,11,105,243,5153,1176
MISSISSIPPI,JACKSON7,2018,166024,,46,,202,3825,509
MISSISSIPPI,JACKSON7,2019,166024,,48,,203,3456,430
MISSOURI,COLUMBIA,2018,123586,179,3,45,38,1556,136
MISSOURI,COLUMBIA,2019,123586,188,6,33,37,1512,158
MISSOURI,INDEPENDENCE6,2018,117368,248,9,27,50,3087,640
MISSOURI,INDEPENDENCE6,2019,117368,339,0,53,52,2543,508
MISSOURI,SPRINGFIELD,2018,168537,1013,4,162,136,5539,684
MISSOURI,SPRINGFIELD,2019,168537,1316,7,191,149,5798,741
MISSOURI,ST. LOUIS,2018,306875,2724,85,151,652,8476,1193
MISSOURI,ST. LOUIS,2019,306875,2750,92,115,680,8224,1388
MONTANA,BILLINGS,2018,110397,273,1,29,53,2685,389
MONTANA,BILLINGS,2019,110397,359,6,36,46,2248,311
NEBRASKA,LINCOLN,2018,288589,510,2,142,67,3884,177
NEBRASKA,LINCOLN,2019,288589,509,2,156,73,3805,240
NEBRASKA,OMAHA,2018,469351,1259,14,215,187,7312,1363
NEBRASKA,OMAHA,2019,469351,1378,9,199,233,8138,1614
NEVADA,HENDERSON,2018,309586,267,4,34,93,3063,365
NEVADA,HENDERSON,2019,309586,238,6,36,79,2862,294
NEVADA,LAS VEGAS METROPOLITAN POLICE DEPARTMENT,2018,1644390,5129,68,766,1367,23599,4033
NEVADA,LAS VEGAS METROPOLITAN POLICE DEPARTMENT,2019,1644390,4397,40,713,1094,22677,3642
NEVADA,NORTH LAS VEGAS,2018,246951,1148,13,74,202,2774,614
NEVADA,NORTH LAS VEGAS,2019,246951,1312,9,72,214,2319,471
NEVADA,RENO,2018,252341,759,2,89,140,3088,522
NEVADA,RENO,2019,252341,739,6,76,149,2836,564
NEVADA,SPARKS,2018,102354,245,1,30,54,1197,163
NEVADA,SPARKS,2019,102354,246,0,45,44,1205,187
NEW HAMPSHIRE,MANCHESTER,2018,111422,322,0,35,65,1300,78
NEW HAMPSHIRE,MANCHESTER,2019,111422,303,3,29,65,1152,81
NEW JERSEY,EDISON TOWNSHIP,2018,101309,52,1,2,18,564,40
NEW JERSEY,EDISON TOWNSHIP,2019,101309,40,1,4,8,626,44
NEW JERSEY,ELIZABETH,2018,129080,395,3,23,156,1927,403
NEW JERSEY,ELIZABETH,2019,129080,438,3,31,173,1886,372
NEW JERSEY,JERSEY CITY,2018,270175,535,7,39,198,2260,277
NEW JERSEY,JERSEY CITY,2019,270175,623,4,40,169,2401,314
NEW JERSEY,LAKEWOOD TOWNSHIP,2018,102915,48,0,1,5,369,27
NEW JERSEY,LAKEWOOD TOWNSHIP,2019,102915,62,1,5,17,433,15
NEW JERSEY,NEWARK,2018,282258,999,36,74,331,2877,1149
NEW JERSEY,NEWARK,2019,282258,883,29,62,311,2312,777
NEW JERSEY,PATERSON,2018,146893,494,4,24,229,1825,243
NEW JERSEY,PATERSON,2019,146893,569,4,28,218,1678,213
NEW JERSEY,WOODBRIDGE TOWNSHIP,2018,100884,64,0,4,15,647,39
NEW JERSEY,WOODBRIDGE TOWNSHIP,2019,100884,65,0,5,12,677,68
NEW MEXICO,ALBUQUERQUE,2018,560235,3905,40,248,1050,17946,3647
NEW MEXICO,ALBUQUERQUE,2019,560235,3284,41,235,690,15338,2755
NEW MEXICO,LAS CRUCES,2018,102203,194,3,18,19,1822,125
NEW MEXICO,LAS CRUCES,2019,102203,256,6,36,23,1598,129
NEW YORK,AMHERST TOWN,2018,121343,79,0,12,25,780,13
NEW YORK,AMHERST TOWN,2019,121343,55,1,6,20,826,13
NEW YORK,BUFFALO,2018,258219,1289,24,92,416,4497,459
NEW YORK,BUFFALO,2019,258219,1115,17,62,316,3643,293
NEW YORK,NEW YORK,2018,8523171,22436,156,1451,6223,59974,2464
NEW YORK,NEW YORK,2019,8523171,22216,142,1391,5838,57521,2185
NEW YORK,ROCHESTER,2018,207701,744,15,66,239,3154,269
NEW YORK,ROCHESTER,2019,207701,705,14,48,191,3190,304
NEW YORK,SYRACUSE,2018,143129,409,13,43,107,1874,193
NEW YORK,SYRACUSE,2019,143129,542,10,53,109,2027,263
NEW YORK,YONKERS,2018,202827,371,1,16,108,837,71
NEW YORK,YONKERS,2019,202827,323,3,24,77,800,62
"NORTH CAROLINA 5, 6, 8",CARY,2018,170518,,0,,22,782,19
"NORTH CAROLINA 5, 6, 8",CARY,2019,170518,56,0,6,19,703,32
"NORTH CAROLINA 5, 6, 8",CHARLOTTE-MECKLENBURG5,2018,931235,,28,,833,,1423
"NORTH CAROLINA 5, 6, 8",CHARLOTTE-MECKLENBURG5,2019,931235,3319,53,134,851,,1447
"NORTH CAROLINA 5, 6, 8",DURHAM,2018,273759,,13,,276,4433,325
"NORTH CAROLINA 5, 6, 8",DURHAM,2019,273759,965,22,64,299,5044,337
"NORTH CAROLINA 5, 6, 8",FAYETTEVILLE5,2018,210117,,9,,98,3712,180
"NORTH CAROLINA 5, 6, 8",FAYETTEVILLE5,2019,210117,866,11,53,120,3398,163
"NORTH CAROLINA 5, 6, 8",GREENSBORO,2018,293298,,23,,259,4605,329
"NORTH CAROLINA 5, 6, 8",GREENSBORO,2019,293298,1259,21,50,309,5651,463
"NORTH CAROLINA 5, 6, 8",HIGH POINT5,2018,112526,,8,,54,1798,137
"NORTH CAROLINA 5, 6, 8",HIGH POINT5,2019,112526,353,10,20,47,1771,179
"NORTH CAROLINA 5, 6, 8",WILMINGTON,2018,120920,,4,,65,1696,106
"NORTH CAROLINA 5, 6, 8",WILMINGTON,2019,120920,373,3,29,51,1575,102
NORTH DAKOTA,FARGO,2018,124906,246,3,53,33,1840,148
NORTH DAKOTA,FARGO,2019,124906,281,3,62,42,1909,188
OHIO,AKRON,2018,197690,756,12,112,170,3405,365
OHIO,AKRON,2019,197690,895,14,72,159,2949,257
OHIO,CINCINNATI5,2018,301952,1148,34,155,417,6624,681
OHIO,CINCINNATI5,2019,301952,1192,24,129,375,5982,561
OHIO,CLEVELAND,2018,384666,3019,40,256,1068,7982,1533
OHIO,CLEVELAND,2019,384666,2703,35,220,843,7762,1274
OHIO,COLUMBUS5,2018,892576,2202,60,461,879,15219,2057
OHIO,COLUMBUS5,2019,892576,2122,49,372,823,14128,1925
OHIO,DAYTON,2018,140094,670,16,88,206,2994,382
OHIO,DAYTON,2019,140094,630,10,93,151,2635,361
OHIO,"TOLEDO5, 9",2018,275023,1093,23,106,285,5033,313
OHIO,"TOLEDO5, 9",2019,275023,1183,16,91,290,4462,315
OKLAHOMA,BROKEN ARROW,2018,109663,69,1,30,6,1140,94
OKLAHOMA,BROKEN ARROW,2019,109663,71,0,19,13,968,66
OKLAHOMA,NORMAN,2018,124577,172,2,42,25,1729,166
OKLAHOMA,NORMAN,2019,124577,162,0,39,22,1538,164
OKLAHOMA,OKLAHOMA CITY6,2018,652936,2708,34,264,491,12384,1645
OKLAHOMA,OKLAHOMA CITY6,2019,652936,2290,31,212,437,12562,1763
OKLAHOMA,TULSA,2018,403147,1993,21,192,366,10792,1621
OKLAHOMA,TULSA,2019,403147,1993,29,160,333,10031,1349
OREGON,EUGENE,2018,170771,322,1,65,93,2754,263
OREGON,EUGENE,2019,170771,304,2,62,79,2777,263
OREGON,GRESHAM,2018,111797,218,0,34,53,1906,650
OREGON,GRESHAM,2019,111797,227,1,40,54,1733,520
OREGON,HILLSBORO,2018,109121,168,0,38,36,1034,110
OREGON,HILLSBORO,2019,109121,136,0,41,28,1065,112
OREGON,PORTLAND10,2018,657260,1707,10,245,526,18043,3403
OREGON,PORTLAND10,2019,657260,1736,16,188,470,16789,3241
OREGON,SALEM,2018,172022,398,2,35,99,3739,523
OREGON,SALEM,2019,172022,312,0,17,66,3256,404
PENNSYLVANIA,ALLENTOWN,2018,121743,187,4,25,81,1336,135
PENNSYLVANIA,ALLENTOWN,2019,121743,230,4,32,76,1261,93
PENNSYLVANIA,PHILADELPHIA,2018,1586916,6956,148,536,2481,23172,2645
PENNSYLVANIA,PHILADELPHIA,2019,1586916,7224,163,494,2576,22884,2606
PENNSYLVANIA,PITTSBURGH,2018,302544,827,30,54,329,4159,322
PENNSYLVANIA,PITTSBURGH,2019,302544,784,18,83,274,3648,291
RHODE ISLAND,PROVIDENCE,2018,180169,428,5,62,119,2829,322
RHODE ISLAND,PROVIDENCE,2019,180169,384,5,51,96,2302,215
SOUTH CAROLINA,CHARLESTON,2018,137092,176,4,19,34,1408,162
SOUTH CAROLINA,CHARLESTON,2019,137092,254,4,24,41,1333,184
SOUTH CAROLINA,COLUMBIA,2018,133540,524,7,54,104,3455,409
SOUTH CAROLINA,COLUMBIA,2019,133540,467,11,35,106,3109,326
SOUTH DAKOTA,SIOUX FALLS,2018,180335,371,3,51,54,2447,261
SOUTH DAKOTA,SIOUX FALLS,2019,180335,352,0,38,24,2026,250
TENNESSEE,CHATTANOOGA,2018,180397,919,8,78,168,5238,702
TENNESSEE,CHATTANOOGA,2019,180397,918,11,78,98,4605,529
TENNESSEE,CLARKSVILLE,2018,156264,510,12,55,64,2232,161
TENNESSEE,CLARKSVILLE,2019,156264,460,6,39,48,2241,231
TENNESSEE,KNOXVILLE,2018,188653,798,16,71,153,4465,536
TENNESSEE,KNOXVILLE,2019,188653,630,10,88,120,3888,457
TENNESSEE,MEMPHIS,2018,652226,6085,76,254,1410,20155,2260
TENNESSEE,MEMPHIS,2019,652226,6238,90,216,1150,19088,1873
TENNESSEE,METROPOLITAN NASHVILLE POLICE DEPARTMENT,2018,686492,3683,40,232,944,12776,1458
TENNESSEE,METROPOLITAN NASHVILLE POLICE DEPARTMENT,2019,686492,3404,30,204,923,12825,1348
TENNESSEE,MURFREESBORO,2018,140702,322,7,46,56,2077,133
TENNESSEE,MURFREESBORO,2019,140702,269,1,31,48,1959,118
TEXAS,ABILENE,2018,122480,272,2,60,38,1848,127
TEXAS,ABILENE,2019,122480,252,2,44,35,1566,103
TEXAS,ALLEN,2018,103168,60,0,18,11,610,24
TEXAS,ALLEN,2019,103168,48,0,11,10,547,28
TEXAS,AMARILLO,2018,201082,786,5,106,136,4195,447
TEXAS,AMARILLO,2019,201082,767,7,90,134,3804,486
TEXAS,ARLINGTON,2018,400920,918,4,116,187,6085,621
TEXAS,ARLINGTON,2019,400920,957,8,116,184,5498,606
TEXAS,AUSTIN6,2018,973344,1915,16,407,515,15268,1196
TEXAS,AUSTIN6,2019,973344,1899,13,281,437,17563,1407
TEXAS,BEAUMONT,2018,119368,636,5,54,173,2222,211
TEXAS,BEAUMONT,2019,119368,588,8,41,141,2118,149
TEXAS,BROWNSVILLE,2018,184461,313,2,12,75,2559,64
TEXAS,BROWNSVILLE,2019,184461,368,0,0,69,2231,64
TEXAS,CARROLLTON,2018,138216,93,2,26,29,1130,117
TEXAS,CARROLLTON,2019,138216,97,1,15,37,1052,136
TEXAS,COLLEGE STATION,2018,116565,114,1,29,15,1226,64
TEXAS,COLLEGE STATION,2019,116565,120,1,23,22,1133,94
TEXAS,CORPUS CHRISTI6,2018,328614,1214,14,147,239,5993,445
TEXAS,CORPUS CHRISTI6,2019,328614,1220,11,126,229,5450,400
TEXAS,DALLAS,2018,1362465,4763,81,434,1744,21200,4440
TEXAS,DALLAS,2019,1362465,5801,109,395,2188,22995,5207
TEXAS,DENTON,2018,139262,203,2,59,46,1743,126
TEXAS,DENTON,2019,139262,191,1,69,44,1615,114
TEXAS,EL PASO,2018,688442,1247,6,202,180,5187,374
TEXAS,EL PASO,2019,688442,1200,9,175,176,4909,396
TEXAS,FRISCO,2018,187889,90,1,28,11,1226,55
TEXAS,FRISCO,2019,187889,78,1,25,15,1257,58
TEXAS,GARLAND,2018,239577,333,7,52,119,3050,408
TEXAS,GARLAND,2019,239577,354,10,68,121,3363,447
TEXAS,GRAND PRAIRIE,2018,196535,241,3,48,64,2087,232
TEXAS,GRAND PRAIRIE,2019,196535,216,4,33,75,1936,252
TEXAS,HOUSTON5,2018,2344966,12194,139,609,4415,46206,5678
TEXAS,HOUSTON5,2019,2344966,11832,129,609,4309,48251,6028
TEXAS,IRVING,2018,243940,242,6,32,98,2827,316
TEXAS,IRVING,2019,243940,292,2,23,158,2887,330
TEXAS,KILLEEN,2018,148007,292,3,67,79,1703,119
TEXAS,KILLEEN,2019,148007,296,5,59,61,1594,158
TEXAS,LAREDO6,2018,264214,443,6,77,76,3170,87
TEXAS,LAREDO6,2019,264214,451,2,55,84,2442,139
TEXAS,LEAGUE CITY,2018,108275,44,1,19,9,883,70
TEXAS,LEAGUE CITY,2019,108275,63,1,27,6,725,42
TEXAS,LUBBOCK,2018,257372,1235,5,114,229,5543,622
TEXAS,LUBBOCK,2019,257372,1261,7,134,234,5584,555
TEXAS,MCALLEN,2018,144363,57,0,20,14,1961,23
TEXAS,MCALLEN,2019,144363,76,0,19,18,1725,13
TEXAS,MCKINNEY,2018,189555,160,0,35,46,1009,77
TEXAS,MCKINNEY,2019,189555,133,1,32,20,939,72
TEXAS,MESQUITE,2018,144558,313,4,29,109,2646,469
TEXAS,MESQUITE,2019,144558,335,5,26,110,2514,393
TEXAS,MIDLAND,2018,140072,179,3,34,25,1339,144
TEXAS,MIDLAND,2019,140072,201,2,35,20,1749,211
TEXAS,ODESSA,2018,119545,536,3,48,50,1453,186
TEXAS,ODESSA,2019,119545,603,3,72,55,1644,219
TEXAS,PASADENA6,2018,154101,355,3,56,90,1792,169
TEXAS,PASADENA6,2019,154101,393,1,44,85,1876,238
TEXAS,PEARLAND,2018,124179,70,0,11,15,887,49
TEXAS,PEARLAND,2019,124179,52,3,16,20,1053,46
TEXAS,RICHARDSON6,2018,119480,67,2,5,25,1224,104
TEXAS,RICHARDSON6,2019,119480,84,1,12,31,1177,124
TEXAS,ROUND ROCK,2018,127354,79,1,20,13,1170,26
TEXAS,ROUND ROCK,2019,127354,77,1,10,28,1160,25
TEXAS,SAN ANGELO,2018,101084,198,1,52,24,1611,110
TEXAS,SAN ANGELO,2019,101084,176,4,30,13,1576,114
TEXAS,SAN ANTONIO,2018,1539328,4916,58,680,873,30590,2955
TEXAS,SAN ANTONIO,2019,1539328,5171,53,717,926,32384,3492
TEXAS,TYLER,2018,106159,178,0,32,28,1375,65
TEXAS,TYLER,2019,106159,191,0,33,22,1555,82
TEXAS,WACO,2018,138091,376,2,56,57,2385,158
TEXAS,WACO,2019,138091,377,5,52,53,2247,140
TEXAS,WICHITA FALLS,2018,104738,199,4,45,67,1523,99
TEXAS,WICHITA FALLS,2019,104738,186,3,48,34,1495,103
UTAH,PROVO,2018,117986,115,1,42,9,1012,69
UTAH,PROVO,2019,117986,74,1,26,5,795,48
UTAH,SALT LAKE CITY,2018,202633,718,3,125,201,5969,735
UTAH,SALT LAKE CITY,2019,202633,673,7,119,191,5395,626
UTAH,WEST JORDAN,2018,115392,130,0,24,26,1492,158
UTAH,WEST JORDAN,2019,115392,112,0,13,11,1187,86
UTAH,WEST VALLEY,2018,137132,488,6,93,79,2446,421
UTAH,WEST VALLEY,2019,137132,474,4,88,71,2055,311
VIRGINIA,ALEXANDRIA,2018,162588,125,1,16,36,1082,160
VIRGINIA,ALEXANDRIA,2019,162588,137,1,7,44,1057,159
VIRGINIA,CHESAPEAKE,2018,242310,506,1,55,70,2404,139
VIRGINIA,CHESAPEAKE,2019,242310,524,3,51,76,2427,135
VIRGINIA,NEWPORT NEWS,2018,178734,445,16,49,100,2586,225
VIRGINIA,NEWPORT NEWS,2019,178734,472,8,27,78,2097,158
VIRGINIA,NORFOLK,2018,244347,554,20,63,144,3994,378
VIRGINIA,NORFOLK,2019,244347,601,13,70,140,3850,341
VIRGINIA,ROANOKE,2018,100042,208,5,26,53,2009,147
VIRGINIA,ROANOKE,2019,100042,209,6,28,45,2069,179
VIRGINIA,VIRGINIA BEACH,2018,451001,275,6,36,89,3650,245
VIRGINIA,VIRGINIA BEACH,2019,451001,250,15,42,87,3615,275
WASHINGTON,BELLEVUE,2018,146913,95,0,14,34,2230,161
WASHINGTON,BELLEVUE,2019,146913,107,1,15,36,2032,138
WASHINGTON,EVERETT,2018,111091,182,1,23,50,2444,534
WASHINGTON,EVERETT,2019,111091,168,4,20,38,1965,365
WASHINGTON,KENT,2018,129870,238,4,47,101,3065,536
WASHINGTON,KENT,2019,129870,221,1,45,101,2647,479
WASHINGTON,SPOKANE,2018,218222,814,4,190,109,7490,814
WASHINGTON,SPOKANE,2019,218222,761,2,125,136,6308,631
WISCONSIN,GREEN BAY,2018,105281,247,1,43,25,817,48
WISCONSIN,GREEN BAY,2019,105281,242,2,35,27,812,63
WISCONSIN,MADISON,2018,258455,501,2,57,90,2922,242
WISCONSIN,MADISON,2019,258455,434,0,49,97,2834,272
WISCONSIN,MILWAUKEE,2018,595619,4190,53,284,1080,8606,2373
WISCONSIN,MILWAUKEE,2019,595619,3429,44,169,761,6241,1527
